,Regions Missed = 0,Regions Missed = 1,Regions Missed >= 2,Descents = p,Descents = p-1,Descents <= p-2,Percentage of incorrectly identified regions,Total Minimizers missed,Total times sat inequality,Percentage minimizers missed
2,99.0,1.0,0.0,60.0,347.0,180.02,1.214,73.0,81998.0,0.089
3,99.0,1.0,0.0,14.0,253.0,54.19,0.3350000000000001,59.0,94581.0,0.062
4,99.0,1.0,0.0,10.0,99.0,20.0,0.086,35.0,98000.0,0.036
2,99.0,1.0,0.0,69.0,384.0,204.94,1.056,49.0,79506.0,0.062
3,99.0,1.0,0.0,16.0,263.0,60.48,0.31200000000000006,48.0,93952.0,0.051
4,99.0,1.0,0.0,10.0,113.0,21.22,0.08300000000000002,30.0,97878.0,0.031
2,99.0,1.0,0.0,84.0,430.0,236.55,0.9590000000000001,28.0,76345.0,0.037
3,99.0,1.0,0.0,18.0,296.0,67.58,0.30800000000000005,35.0,93242.0,0.038
4,99.0,1.0,0.0,10.0,119.0,22.42,0.083,20.0,97758.0,0.02
